Source File	Size	loadResources	load-configure	scan	loadDepInfo	loadInfo	load	generateSnapshots	checkR4R4B	generateNarratives	validate	loadLists	checkConformanceResources	checkConformanceResources2	checkConformanceResources3	generateLogicalMaps	validateExpressions	scanForUsageStats	checkURLsUnique	processProvenanceDetails	generate1	generate2	generateLogicals	makeDependencies	generateExampleZip	generateValidationPack	scanProfilesForR5	scanExamplesForR5
/fsh-generated/resources/ImplementationGuide-fhir.ca-bc.provider.json	76117	-	0	0	0	0	0	0	9	99	0	0	0	0	0	0	0	2	0	0	400	210	0	0	0	14	0	2
fsh-generated/resources/Bundle-Example-AddLocation-Bundle.json	4471	6	0	0	0	0	13	0	0	500	0	0	0	0	0	0	0	0	0	0	27	16	0	0	0	0	0	0
fsh-generated/resources/Bundle-Example-AddLocationWithLinks-Bundle-Response.json	5526	4	1	0	0	1	3	0	0	2	0	0	0	0	0	0	0	0	0	0	27	12	0	0	0	0	0	0
fsh-generated/resources/Bundle-Example-AddLocationWithLinks-Bundle.json	8610	4	0	0	0	0	6	0	0	91	0	0	0	0	0	0	0	1	0	0	51	13	0	0	0	0	0	0
fsh-generated/resources/Bundle-Example-AddOrganization-Bundle.json	6109	4	0	0	0	0	5	0	0	51	0	0	0	0	0	0	0	0	0	0	26	9	0	0	0	0	0	0
fsh-generated/resources/Bundle-Example-AddPractitioner-Batch-Bundle-Response.json	24468	6	0	0	0	0	13	0	1	190	0	0	0	0	0	0	0	0	0	0	74	100	0	0	0	0	0	1
fsh-generated/resources/Bundle-Example-AddPractitioner-Bundle-Response.json	24462	6	0	0	0	0	5	0	1	60	0	0	0	0	0	0	0	0	0	0	66	89	0	0	0	0	0	0
fsh-generated/resources/Bundle-Example-AddPractitioner-Bundle.json	13577	4	0	0	0	0	2	0	0	34	0	0	0	0	0	0	0	0	0	0	49	56	0	0	0	0	0	0
fsh-generated/resources/Bundle-Example-Batch-Bundle-Response.json	61167	9	0	0	0	0	10	0	2	0	0	0	0	0	0	0	0	0	0	0	88	164	0	0	1	0	0	0
fsh-generated/resources/Bundle-Example-Batch-Bundle.json	38435	6	0	0	0	0	4	0	0	0	0	0	0	0	0	0	0	0	0	0	56	98	0	0	0	0	0	1
fsh-generated/resources/Bundle-Example-DistributeOrganization-Bundle.json	10632	4	0	0	1	0	2	0	1	2	0	0	0	0	0	0	0	0	0	0	30	9	0	0	0	0	0	0
fsh-generated/resources/Bundle-Example-DistributePractitioner-Bundle-forTesting.json	10337	4	0	0	0	0	1	0	0	42	0	0	0	0	0	0	0	1	0	0	31	41	0	0	0	0	0	0
fsh-generated/resources/Bundle-Example-DistributePractitioner-Bundle.json	24214	5	0	0	0	0	2	0	1	77	0	0	0	0	0	0	0	0	0	0	52	89	0	0	0	0	0	0
fsh-generated/resources/Bundle-Example-GET-Location-Response.json	7608	4	0	0	0	0	4	0	0	3	0	0	0	0	0	0	0	0	0	0	22	14	0	0	0	0	0	0
fsh-generated/resources/Bundle-Example-GET-Organization-Response.json	5276	3	0	0	0	0	2	0	0	1	0	0	0	0	0	0	0	0	0	0	19	10	0	0	0	0	0	0
fsh-generated/resources/Bundle-Example-GET-OrganizationAffiliation-Response.json	2503	2	0	0	0	0	1	0	0	73	0	0	0	0	0	0	0	0	0	0	15	6	0	0	0	0	0	0
fsh-generated/resources/Bundle-Example-GET-OrganizationAffiliation-byOrganization-Response.json	3938	3	0	0	0	0	1	0	0	2	0	0	0	0	0	0	0	0	0	0	19	7	0	0	0	0	0	0
fsh-generated/resources/Bundle-Example-GET-Practitioner-Param-Response.json	26135	6	1	0	0	0	3	0	1	77	0	0	0	0	0	0	0	0	0	0	58	99	0	0	0	0	0	0
fsh-generated/resources/Bundle-Example-GET-Practitioner-Response.json	14458	4	0	0	0	0	2	0	1	30	0	0	0	0	0	0	0	0	0	0	34	49	0	0	0	0	0	0
fsh-generated/resources/Bundle-Example-GET-PractitionerRole-Response.json	2694	3	0	0	0	0	1	0	0	1	0	0	0	0	0	0	0	0	0	0	16	11	0	0	0	0	0	0
fsh-generated/resources/Bundle-Example-GET-PractitionerRole-byPractitioner-Response.json	6373	3	0	0	0	0	1	0	0	31	0	0	0	0	0	0	0	0	0	0	26	41	0	0	0	0	0	0
fsh-generated/resources/Bundle-Example-Individual-Provider-Bundle.json	17935	5	0	0	0	0	2	0	0	62	0	0	0	0	0	0	0	0	0	0	43	81	0	0	0	0	0	0
fsh-generated/resources/Bundle-Example-Organizational-Provider-Bundle.json	11061	3	0	0	0	0	2	0	1	2	0	0	0	0	0	0	0	0	0	0	33	16	0	0	0	0	0	0
fsh-generated/resources/Bundle-Example-Response-Query-Organization-Bundle.json	14560	4	0	0	0	0	2	0	0	1	0	0	0	0	0	0	0	0	0	0	29	10	0	0	0	0	0	0
fsh-generated/resources/Bundle-Example-Response-Query-Practitioner-Bundle.json	22686	5	0	0	0	0	4	0	1	1	0	0	0	0	0	0	0	0	0	0	42	84	0	0	0	0	0	1
fsh-generated/resources/Bundle-Example-UpdateLocationWithLinks-Bundle.json	11775	4	0	0	0	0	3	0	0	2	0	0	0	0	0	0	0	0	0	0	34	10	0	0	0	0	0	0
fsh-generated/resources/Bundle-Example-UpdateOrganization-Bundle-Response.json	7220	3	0	0	0	0	3	0	0	1	0	0	0	0	0	0	0	0	0	0	21	7	0	0	0	0	0	0
fsh-generated/resources/Bundle-Example-UpdateOrganization-Bundle.json	11526	4	0	0	0	0	3	0	1	2	0	0	0	0	0	0	0	0	0	0	33	8	0	0	0	0	0	0
fsh-generated/resources/Bundle-Example-UpdatePractitioner-Batch-Bundle-Response.json	24471	5	0	0	0	0	4	0	0	62	0	0	0	0	0	0	0	0	0	0	53	83	0	0	0	0	0	0
fsh-generated/resources/Bundle-Example-UpdatePractitioner-Bundle-Response.json	24465	6	0	0	0	0	4	0	1	89	0	0	0	0	0	0	0	0	0	0	52	83	0	0	0	0	0	0
fsh-generated/resources/Bundle-Example-UpdatePractitioner-Bundle.json	18415	4	1	0	0	0	4	0	1	30	0	0	0	0	0	0	0	1	0	0	40	40	0	0	0	0	0	0
fsh-generated/resources/Bundle-Example-UpdatePractitioner-LicenseStatus-Bundle.json	4117	3	0	0	0	0	2	0	0	1	0	0	0	0	0	0	0	0	0	0	19	7	0	0	0	0	0	0
fsh-generated/resources/CapabilityStatement-bc-plr-client-capability-statement.json	2119	3	0	0	0	0	0	0	0	12	0	0	0	0	0	0	0	0	0	0	29	22	0	0	0	1	0	0
fsh-generated/resources/CapabilityStatement-bc-plr-server-capability-statement.json	7799	3	0	0	0	0	0	0	0	13	0	0	0	0	0	0	0	0	0	0	62	14	0	0	0	1	0	0
fsh-generated/resources/CodeSystem-bc-service-type-code-system.json	665	3	0	0	0	0	0	0	0	8	0	0	1	0	0	0	0	0	0	0	14	1582	0	0	0	0	0	0
fsh-generated/resources/Location-Example-Location-For-Add.json	3367	3	0	0	0	0	0	0	0	1	0	0	0	0	0	0	0	0	0	0	14	11	0	0	0	0	0	0
fsh-generated/resources/Location-IFC.00047422.BC.PRS.json	5197	3	0	0	0	0	0	0	0	0	0	0	0	0	0	0	0	0	0	0	17	7	0	0	0	0	0	0
fsh-generated/resources/Location-IFC.00147422.BC.PRS.json	4889	3	0	0	0	0	0	0	1	1	0	0	0	0	0	0	0	0	0	0	16	9	0	0	0	0	0	0
fsh-generated/resources/Location-IFC.00147423.BC.PRS.json	4278	3	0	0	0	0	0	0	0	0	0	0	0	0	0	0	0	0	0	0	16	11	0	0	0	0	0	0
fsh-generated/resources/OperationDefinition-bc-batch.json	1958	3	0	0	0	0	0	0	0	10	0	0	0	0	0	0	0	0	0	0	19	9	0	0	0	1	0	0
fsh-generated/resources/OperationDefinition-bc-distribution.json	1273	2	0	0	0	0	0	0	0	7	0	0	0	0	0	0	0	0	0	0	15	7	0	0	0	0	0	0
fsh-generated/resources/OperationDefinition-bc-entity-location-query.json	4526	3	0	0	0	0	0	0	0	11	0	0	0	0	0	0	0	0	0	0	32	8	0	0	0	1	0	0
fsh-generated/resources/OperationDefinition-bc-entity-organization-query.json	2900	4	0	0	0	0	0	0	0	10	0	0	0	0	0	0	0	0	0	0	22	7	0	0	0	1	0	0
fsh-generated/resources/OperationDefinition-bc-entity-practitioner-query.json	3889	3	1	0	0	0	0	0	0	10	0	0	0	0	0	0	0	0	0	0	29	8	0	0	0	0	0	0
fsh-generated/resources/OperationDefinition-bc-extended-location-query.json	4571	3	0	0	0	0	0	0	1	11	0	0	0	0	0	0	0	0	0	0	34	7	0	0	0	1	0	0
fsh-generated/resources/OperationDefinition-bc-extended-organization-query.json	2952	3	0	0	0	0	0	0	0	9	0	0	0	0	0	0	0	0	0	0	25	7	0	0	0	0	0	0
fsh-generated/resources/OperationDefinition-bc-extended-practitioner-query.json	3930	3	0	0	0	0	0	0	0	11	0	0	0	0	0	0	0	0	0	0	29	8	0	0	0	1	0	0
fsh-generated/resources/OperationDefinition-bc-maintain.json	2295	3	0	0	0	0	0	0	0	8	0	0	0	0	0	0	0	0	0	0	19	8	0	0	0	1	0	0
fsh-generated/resources/OperationOutcome-Example-OperationOutcome-7018.json	604	3	0	0	0	0	0	0	0	1	0	0	0	0	0	0	0	0	0	0	9	6	0	0	0	0	0	0
fsh-generated/resources/OperationOutcome-Example-OperationOutcome-7047.json	613	3	0	0	0	0	0	0	0	0	0	0	0	0	0	0	0	0	0	0	9	7	0	0	0	0	0	0
fsh-generated/resources/OperationOutcome-Example-OperationOutcome-7049.json	614	3	0	0	0	0	0	0	0	1	0	0	0	0	0	0	0	0	0	0	9	6	0	0	0	0	0	0
fsh-generated/resources/OperationOutcome-Example-OperationOutcome-BatchError.json	620	2	0	0	0	0	0	0	0	0	0	0	0	0	0	0	0	0	0	0	9	45	0	0	0	0	0	0
fsh-generated/resources/OperationOutcome-Example-OperationOutcome-BatchSuccess.json	613	3	0	0	0	0	0	0	0	1	0	0	0	0	0	0	0	0	0	0	9	6	0	0	0	0	0	0
fsh-generated/resources/OperationOutcome-Example-OperationOutcome-MaintainSuccess.json	616	3	0	0	0	0	0	0	0	0	0	0	0	0	0	0	0	0	0	0	9	6	0	0	0	0	0	0
fsh-generated/resources/OperationOutcome-Example-OperationOutcome-Success.json	585	3	0	0	0	0	0	0	0	1	0	0	0	0	0	0	0	0	0	0	8	6	0	0	0	0	0	0
fsh-generated/resources/Organization-Example-Credential-Granting-Institution.json	343	2	0	0	0	0	0	0	0	0	0	0	0	0	0	0	0	0	0	0	8	6	0	0	0	0	0	0
fsh-generated/resources/Organization-Example-Organization-1.json	4715	2	1	0	0	0	0	0	0	1	0	0	0	0	0	0	0	0	0	0	16	7	0	0	0	0	0	0
fsh-generated/resources/Organization-Example-Organization-PrimaryCare.json	11002	2	0	0	0	0	0	0	1	0	0	0	0	0	0	0	0	0	0	0	26	10	0	0	0	0	0	0
fsh-generated/resources/Organization-Example-Qualification-Organization.json	353	1	0	0	0	0	0	0	0	1	0	0	0	0	0	0	0	0	0	0	8	7	0	0	0	0	0	0
fsh-generated/resources/Organization-IPC.00047422.BC.PRS.json	3231	2	0	0	0	0	0	0	0	0	0	0	0	0	0	0	0	0	0	0	14	8	0	0	0	0	0	1
fsh-generated/resources/Organization-IPC.00147434.BC.PRS.json	5028	1	0	0	0	0	0	0	0	1	0	0	0	0	0	0	0	0	0	0	17	8	0	0	0	0	0	0
fsh-generated/resources/Organization-IPC.00147436.BC.PRS.json	5583	2	0	0	0	0	0	0	0	0	0	0	0	0	0	0	0	0	0	0	21	8	0	0	0	0	0	0
fsh-generated/resources/Organization-IPC.00147437.BC.PRS.json	5088	3	0	0	0	0	0	0	0	1	0	0	0	0	0	0	0	0	0	0	17	8	0	0	0	0	0	0
fsh-generated/resources/OrganizationAffiliation-Example-OrganizationAffiliation-Loc1.json	978	1	0	0	0	0	0	0	0	0	0	0	0	0	0	0	0	0	0	0	10	6	0	0	0	0	0	0
fsh-generated/resources/OrganizationAffiliation-Example-OrganizationAffiliation-Loc2.json	974	2	0	0	0	0	0	0	0	1	0	0	0	0	0	0	0	0	0	0	11	6	0	0	0	0	0	0
fsh-generated/resources/OrganizationAffiliation-RELN.1142.PRS.json	1322	1	0	0	0	0	0	0	1	0	0	0	0	0	0	0	0	0	0	0	11	7	0	0	0	0	0	0
fsh-generated/resources/OrganizationAffiliation-RELN.1182.PRS.json	1326	2	0	0	0	0	0	0	0	1	0	0	0	0	0	0	0	0	0	0	10	6	0	0	0	0	0	0
fsh-generated/resources/OrganizationAffiliation-RELN.131.PRS.json	934	1	0	0	0	0	0	0	0	0	0	0	0	0	0	0	0	0	0	0	10	6	0	0	0	0	0	0
fsh-generated/resources/OrganizationAffiliation-RELN.132.PRS.json	1216	1	0	0	0	0	0	0	0	1	0	0	0	0	0	0	0	0	0	0	10	6	0	0	0	0	0	0
fsh-generated/resources/OrganizationAffiliation-RELN.141.PRS.json	934	2	1	0	0	0	0	0	0	0	0	0	0	0	0	0	0	0	0	0	10	6	0	0	0	0	0	0
fsh-generated/resources/OrganizationAffiliation-RELN.142.PRS.json	1216	1	0	0	0	0	0	0	0	1	0	0	0	0	0	0	0	0	0	0	12	6	0	0	0	0	0	0
fsh-generated/resources/OrganizationAffiliation-RELN.181.PRS.json	1193	1	0	0	0	0	0	0	0	0	0	0	0	0	0	0	0	0	0	0	11	6	0	0	0	0	0	0
fsh-generated/resources/OrganizationAffiliation-RELN.182.PRS.json	1216	2	0	0	0	0	0	0	0	1	0	0	0	0	0	0	0	0	0	0	10	7	0	0	0	0	0	0
fsh-generated/resources/OrganizationAffiliation-RELN.25.PRS.json	933	1	0	0	0	0	0	0	0	0	0	0	0	0	0	0	0	0	0	0	12	6	0	0	0	0	0	0
fsh-generated/resources/OrganizationAffiliation-RELN.26.PRS.json	956	1	0	0	0	0	0	0	0	1	0	0	0	0	0	0	0	0	0	0	10	6	0	0	0	0	0	0
fsh-generated/resources/Parameters-Example-Request-Add-Location.json	10620	2	0	0	0	0	0	0	0	0	0	0	0	0	0	0	0	0	0	0	25	19	0	0	0	0	0	0
fsh-generated/resources/Parameters-Example-Request-Add-Organization.json	7577	1	0	0	0	0	0	0	0	0	0	0	0	0	0	0	0	0	0	0	20	12	0	0	0	0	0	0
fsh-generated/resources/Parameters-Example-Request-Add-Practitioner.json	16449	2	0	0	0	0	0	0	1	0	0	0	0	0	0	0	0	0	0	0	28	13	0	0	0	0	0	0
fsh-generated/resources/Parameters-Example-Request-Distribution-Organization.json	12977	2	0	0	0	0	0	0	0	0	0	0	0	0	0	0	0	0	0	0	23	11	0	0	0	0	0	0
fsh-generated/resources/Parameters-Example-Request-Distribution-Practitioner.json	29049	3	0	0	0	0	0	0	0	0	0	0	0	0	0	0	0	1	0	0	41	15	0	0	0	0	0	0
fsh-generated/resources/Parameters-Example-Request-Update-License-Practitioner.json	5242	1	0	0	0	0	0	0	1	0	0	0	0	0	0	0	0	0	0	0	13	10	0	0	0	0	0	0
fsh-generated/resources/Parameters-Example-Request-Update-Location.json	14262	2	0	0	0	0	0	0	0	0	0	0	0	0	0	0	0	0	0	0	25	15	0	0	0	0	0	0
fsh-generated/resources/Parameters-Example-Request-Update-Organization.json	14011	2	0	0	0	0	0	0	0	0	0	0	0	0	0	0	0	0	0	0	24	11	0	0	0	0	0	0
fsh-generated/resources/Parameters-Example-Request-Update-Practitioner.json	21974	5	0	0	0	0	0	0	1	0	0	0	0	0	0	0	0	0	0	0	47	11	0	0	0	0	0	0
fsh-generated/resources/Parameters-Example-Response-Add-Location.json	7649	3	0	0	0	0	0	0	0	0	0	0	0	0	0	0	0	0	0	0	17	9	0	0	0	0	0	0
fsh-generated/resources/Parameters-Example-Response-Add-Organization.json	9776	2	1	0	0	0	0	0	0	0	0	0	0	0	0	0	0	0	0	0	18	9	0	0	0	0	0	0
fsh-generated/resources/Parameters-Example-Response-Add-Practitioner.json	30222	3	0	0	0	0	0	0	0	0	0	0	0	0	0	0	0	0	0	0	45	13	0	0	0	0	0	0
fsh-generated/resources/Parameters-Example-Response-Update-Organization.json	9779	3	0	0	0	0	0	0	1	0	0	0	0	0	0	0	0	0	0	0	19	9	0	0	0	0	0	0
fsh-generated/resources/Parameters-Example-Response-Update-Practitioner.json	30228	5	0	0	0	0	0	0	0	0	0	0	0	0	0	0	0	0	0	0	44	14	0	0	0	0	0	0
fsh-generated/resources/Practitioner-Example-AddPractitioner-Practitioner.json	9485	4	0	0	0	0	0	0	1	2	0	0	0	0	0	0	0	0	0	0	27	9	0	0	0	0	0	1
fsh-generated/resources/Practitioner-IPC.00047422.BC.PRS.json	10721	3	0	0	0	0	0	0	0	32	0	0	0	0	0	0	0	0	0	0	29	8	0	0	0	0	0	0
fsh-generated/resources/Practitioner-IPC.00147422.BC.PRS.json	10301	4	0	0	0	0	0	0	0	30	0	0	0	0	0	0	0	0	0	0	28	12	0	0	0	0	0	0
fsh-generated/resources/Practitioner-IPC.00147433.BC.PRS.json	11417	4	0	0	0	0	0	0	0	1	0	0	0	0	0	0	0	0	0	0	28	13	0	0	0	0	0	0
fsh-generated/resources/Practitioner-IPC.00147622.BC.PRS.json	14280	4	0	0	0	0	0	0	1	30	0	0	0	0	0	0	0	0	0	0	36	13	0	0	0	0	0	0
fsh-generated/resources/Practitioner-IPC.00147699.BC.PRS.json	2860	3	0	0	0	0	0	0	0	0	0	0	0	0	0	0	0	0	0	0	20	9	0	0	0	0	0	0
fsh-generated/resources/Practitioner-IPC.00187833.BC.PRS.json	9364	3	0	0	0	0	0	0	0	31	0	0	0	0	0	0	0	0	0	0	27	10	0	0	0	0	0	0
fsh-generated/resources/Practitioner-IPC.00763481.BC.PRS.json	2326	3	0	0	0	0	0	0	0	0	0	0	0	0	0	0	0	0	0	0	11	7	0	0	0	0	0	0
fsh-generated/resources/PractitionerRole-Example-PractitionerRole-Loc3.json	1131	3	0	0	0	0	0	0	0	1	0	0	0	0	0	0	0	0	0	0	10	7	0	0	0	0	0	0
fsh-generated/resources/PractitionerRole-Example-PractitionerRole-Role-FromPrac-CPSID.json	1221	3	0	0	0	0	0	0	0	29	0	0	0	0	0	0	0	0	0	0	10	6	0	0	0	0	0	0
fsh-generated/resources/PractitionerRole-IPC.00047422.BC.PRS.json	1590	2	0	0	0	0	0	0	0	29	0	0	0	0	0	0	0	0	0	0	11	6	0	0	0	0	0	0
fsh-generated/resources/PractitionerRole-IPC.00147422.BC.PRS.json	1195	3	1	0	0	0	0	0	0	29	0	0	0	0	0	0	0	0	0	0	10	6	0	0	0	0	0	0
fsh-generated/resources/PractitionerRole-IPC.00147433.BC.PRS.json	1590	3	0	0	0	0	0	0	0	31	0	0	0	0	0	0	0	0	0	0	10	6	0	0	0	0	0	0
fsh-generated/resources/PractitionerRole-IPC.00147622.BC.PRS.json	1684	3	0	0	0	0	0	0	1	29	0	0	0	0	0	0	0	0	0	0	11	6	0	0	0	0	0	0
fsh-generated/resources/PractitionerRole-IPC.00147633.BC.PRS.json	460	1	0	0	0	0	0	0	0	2	0	0	0	0	0	0	0	0	0	0	8	7	0	0	0	0	0	0
fsh-generated/resources/PractitionerRole-IPC.00147699.BC.PRS.json	1700	2	0	0	0	0	0	0	0	30	0	0	0	0	0	0	0	0	0	0	11	6	0	0	0	0	0	0
fsh-generated/resources/PractitionerRole-IPC.00763481.BC.PRS.json	591	1	0	0	0	0	0	0	0	1	0	0	0	0	0	0	0	0	0	0	9	6	0	0	0	0	0	0
fsh-generated/resources/PractitionerRole-RELN.1125.PRS.json	1465	1	0	0	0	0	0	0	0	0	0	0	0	0	0	0	0	0	0	0	10	6	0	0	0	0	0	0
fsh-generated/resources/PractitionerRole-RELN.123.PRS.json	1322	2	0	0	0	0	0	0	0	1	0	0	0	0	0	0	0	0	0	0	10	8	0	0	0	0	0	0
fsh-generated/resources/PractitionerRole-RELN.12373.PRS.json	1675	1	0	0	0	0	0	0	0	0	0	0	0	0	0	0	0	0	0	0	12	13	0	0	0	0	0	0
fsh-generated/resources/PractitionerRole-RELN.124.PRS.json	1779	1	0	0	0	0	0	0	0	0	0	0	0	0	0	0	0	0	0	0	10	9	0	0	0	0	0	0
fsh-generated/resources/PractitionerRole-RELN.125.PRS.json	1108	2	0	0	0	0	0	0	0	1	0	0	0	0	0	0	0	0	0	0	10	11	0	0	0	0	0	0
fsh-generated/resources/PractitionerRole-RELN.126.PRS.json	1565	1	0	0	0	0	0	0	0	0	0	0	0	0	0	0	0	0	0	0	11	9	0	0	0	0	0	0
fsh-generated/resources/PractitionerRole-RELN.127.PRS.json	1069	1	0	0	0	0	0	0	0	0	0	0	0	0	0	0	0	0	0	0	10	5	0	0	0	0	0	0
fsh-generated/resources/PractitionerRole-RELN.128.PRS.json	1267	2	0	0	0	0	0	0	0	1	0	0	0	0	0	0	0	0	0	0	10	6	0	0	0	0	0	0
fsh-generated/resources/PractitionerRole-RELN.129.PRS.json	1107	1	0	0	0	0	0	0	0	0	0	0	0	0	0	0	0	0	0	0	10	6	0	0	0	0	0	0
fsh-generated/resources/PractitionerRole-RELN.130.PRS.json	1305	1	1	0	0	0	0	0	0	0	0	0	0	0	0	0	0	0	0	0	9	6	0	0	0	0	0	0
fsh-generated/resources/PractitionerRole-RELN.153.PRS.json	1581	2	0	0	0	0	0	0	0	1	0	0	0	0	0	0	0	0	0	0	11	6	0	0	0	0	0	0
fsh-generated/resources/PractitionerRole-RELN.173.PRS.json	1322	1	0	0	0	0	0	0	0	0	0	0	0	0	0	0	0	0	0	0	10	6	0	0	0	0	0	0
fsh-generated/resources/PractitionerRole-RELN.175.PRS.json	1108	1	0	0	0	0	0	0	0	0	0	0	0	0	0	0	0	0	0	0	10	6	0	0	0	0	0	0
fsh-generated/resources/PractitionerRole-RELN.193.PRS.json	1322	2	0	0	0	0	0	0	0	1	0	0	0	0	0	0	0	0	0	0	10	6	0	0	0	0	0	0
fsh-generated/resources/PractitionerRole-RELN.23.PRS.json	1068	1	0	0	0	0	0	0	0	0	0	0	0	0	0	0	0	0	0	0	9	6	0	0	0	0	0	0
fsh-generated/resources/PractitionerRole-RELN.24.PRS.json	1107	1	0	0	0	0	0	0	0	1	0	0	0	0	0	0	0	0	0	0	10	6	0	0	1	0	0	0
fsh-generated/resources/StructureDefinition-bc-address-validation-status-extension.json	1653	2	0	0	0	0	0	12	0	32	0	0	0	0	0	0	0	1	0	0	56	721	0	0	0	1	0	0
fsh-generated/resources/StructureDefinition-bc-address.json	2362	1	0	0	0	0	0	41	0	14	0	0	1	0	0	0	0	0	0	0	108	482	0	1	0	3	0	0
fsh-generated/resources/StructureDefinition-bc-availability-extension.json	4302	2	0	0	0	0	0	86	0	47	0	0	0	0	0	0	0	0	0	0	134	308	0	0	0	3	0	0
fsh-generated/resources/StructureDefinition-bc-availableTime-extension.json	4333	1	0	0	0	0	0	25	0	17	0	0	0	0	0	0	0	0	0	0	197	281	0	0	0	3	0	1
fsh-generated/resources/StructureDefinition-bc-batch-bundle.json	2523	2	0	0	0	0	0	369	1	24	0	0	0	0	0	0	0	1	0	0	349	807	0	0	0	9	0	0
fsh-generated/resources/StructureDefinition-bc-batch-response-bundle.json	3019	1	0	0	0	0	0	45	0	67	0	0	0	0	0	0	0	2	0	0	446	1012	0	0	0	12	1	1
fsh-generated/resources/StructureDefinition-bc-birthplace-extension.json	1410	2	0	0	0	0	0	4	0	9	0	0	0	0	0	0	0	0	0	0	50	122	0	0	0	1	0	0
fsh-generated/resources/StructureDefinition-bc-birthtime-extension.json	1355	1	0	0	0	0	0	3	0	7	0	0	0	0	0	0	0	0	0	0	51	107	0	0	0	1	0	0
fsh-generated/resources/StructureDefinition-bc-careteam.json	1784	2	0	0	0	0	0	12	0	13	0	0	0	0	0	0	0	0	0	0	153	301	0	0	0	4	0	0
fsh-generated/resources/StructureDefinition-bc-catalogue-service.json	2757	1	1	0	0	0	0	41	0	19	0	0	0	0	0	0	0	1	0	0	242	448	0	0	0	7	0	0
fsh-generated/resources/StructureDefinition-bc-clinical-service.json	4387	1	0	0	0	0	0	35	0	21	0	0	1	0	0	0	0	1	0	0	289	433	0	0	0	7	0	1
fsh-generated/resources/StructureDefinition-bc-communication-purpose-code-extension.json	1720	2	0	0	0	0	0	3	0	9	0	0	0	0	0	0	0	0	0	0	53	118	0	0	0	1	0	0
fsh-generated/resources/StructureDefinition-bc-confidentiality-extension.json	3579	1	0	0	0	0	0	4	0	16	0	0	0	0	0	0	0	0	0	0	115	147	0	0	0	5	0	0
fsh-generated/resources/StructureDefinition-bc-contactPoint.json	1948	2	0	0	0	0	0	4	0	10	0	0	0	0	0	0	0	1	0	0	83	133	0	0	0	2	0	0
fsh-generated/resources/StructureDefinition-bc-end-reason-extension.json	2509	1	0	0	0	0	0	4	0	8	0	0	0	0	0	0	0	0	0	0	54	118	0	0	0	3	0	0
fsh-generated/resources/StructureDefinition-bc-facility-community-health-area-extension.json	2905	1	0	0	0	0	0	4	0	12	0	0	0	0	0	0	0	0	0	0	119	144	0	0	0	3	0	0
fsh-generated/resources/StructureDefinition-bc-facility-details-extension.json	5582	2	0	0	0	0	0	6	0	17	0	0	0	0	0	0	0	0	0	0	220	218	0	0	0	5	0	0
fsh-generated/resources/StructureDefinition-bc-facility-health-authority-extension.json	1526	1	0	0	0	0	0	4	0	8	0	0	0	0	0	0	0	0	0	0	52	131	0	0	0	1	0	1
fsh-generated/resources/StructureDefinition-bc-facility-health-service-area-extension.json	3559	2	0	0	0	0	0	3	0	11	0	0	0	0	0	0	0	1	0	0	100	149	0	0	0	4	0	0
fsh-generated/resources/StructureDefinition-bc-facility-health-service-delivery-area-extension.json	1614	1	0	0	0	0	0	3	0	8	0	0	0	0	0	0	0	0	0	0	51	110	0	0	0	1	0	0
fsh-generated/resources/StructureDefinition-bc-facility-local-health-area-extension.json	1525	1	0	0	0	0	0	3	0	8	0	0	0	0	0	0	0	0	0	0	50	108	0	0	0	1	0	0
fsh-generated/resources/StructureDefinition-bc-facility-physical-address-extension.json	1891	2	0	0	0	0	0	3	0	8	0	0	0	0	0	0	0	0	0	0	54	133	0	0	0	1	0	0
fsh-generated/resources/StructureDefinition-bc-facility-primary-care-network-extension.json	2838	1	0	0	0	0	0	5	0	11	0	0	0	0	0	0	0	0	0	0	118	193	0	0	0	3	0	0
fsh-generated/resources/StructureDefinition-bc-hds-subtype-extension.json	3921	2	0	0	0	0	0	6	0	13	0	0	0	0	0	0	0	0	0	0	143	184	0	0	0	3	0	0
fsh-generated/resources/StructureDefinition-bc-health-delivery-site-type-extension.json	3913	1	0	0	0	0	0	6	0	12	0	0	0	0	0	0	0	1	0	0	122	184	0	0	0	6	0	0
fsh-generated/resources/StructureDefinition-bc-humanName.json	1759	1	0	0	0	0	0	3	0	13	0	0	0	0	0	0	0	0	0	0	84	159	0	0	0	2	0	0
fsh-generated/resources/StructureDefinition-bc-identifier.json	1364	2	2	0	0	0	0	4	0	9	0	0	0	0	0	0	0	0	0	0	74	132	0	0	0	2	0	0
fsh-generated/resources/StructureDefinition-bc-license-status-extension.json	5895	1	0	0	0	0	0	6	0	17	0	0	0	0	0	0	0	1	0	0	202	203	0	0	0	4	1	1
fsh-generated/resources/StructureDefinition-bc-location-bundle.json	6192	2	0	0	0	0	0	77	0	31	0	0	1	0	0	0	0	1	0	0	562	659	0	0	0	16	0	0
fsh-generated/resources/StructureDefinition-bc-location-relationship-type-extension.json	1524	1	0	0	0	0	0	3	0	8	0	0	0	0	0	0	0	1	0	0	51	89	0	0	0	2	0	1
fsh-generated/resources/StructureDefinition-bc-location.json	5814	2	0	0	0	0	0	11	0	26	0	0	0	0	0	0	0	0	0	0	337	485	0	0	0	8	0	0
fsh-generated/resources/StructureDefinition-bc-name-use-extension.json	1464	1	0	0	0	0	0	3	0	8	0	0	0	0	0	0	0	1	0	0	52	100	0	0	0	2	0	0
fsh-generated/resources/StructureDefinition-bc-not-available-extension.json	2718	2	0	0	0	0	0	4	0	7	0	0	0	0	0	0	0	0	0	0	115	135	0	0	0	2	0	0
fsh-generated/resources/StructureDefinition-bc-note-extension.json	4081	1	0	0	0	0	0	5	0	8	0	0	0	0	0	0	0	0	0	0	143	206	0	0	0	3	0	0
fsh-generated/resources/StructureDefinition-bc-operation-outcome.json	1421	1	0	0	0	0	0	5	0	12	0	0	0	0	0	0	0	1	0	0	164	283	0	0	0	4	0	0
fsh-generated/resources/StructureDefinition-bc-organization-affiliation.json	3831	2	0	0	0	0	0	5	0	34	0	0	0	0	0	0	0	0	0	0	182	255	0	0	0	4	0	1
fsh-generated/resources/StructureDefinition-bc-organization-bundle.json	6351	1	1	0	0	0	0	44	0	33	0	0	0	0	0	0	0	2	0	0	574	769	0	0	0	14	0	0
fsh-generated/resources/StructureDefinition-bc-organization-clinic-legal-name-extension.json	4103	2	0	0	0	0	0	5	0	16	0	0	0	0	0	0	0	0	0	0	146	147	0	0	0	3	0	1
fsh-generated/resources/StructureDefinition-bc-organization-clinic-owner-extension.json	4132	1	0	0	0	0	0	5	0	15	0	0	0	0	0	0	0	1	0	0	144	99	0	0	0	4	0	0
fsh-generated/resources/StructureDefinition-bc-organization-clinic-ownership-type-extension.json	4524	2	0	0	0	0	0	4	0	13	0	0	1	0	0	0	0	0	0	0	151	99	0	1	0	2	0	0
fsh-generated/resources/StructureDefinition-bc-organization-clinic-payee-number-extension.json	4110	2	0	0	0	0	0	5	0	18	0	0	0	0	0	0	0	0	0	0	154	101	0	0	0	3	0	0
fsh-generated/resources/StructureDefinition-bc-organization-clinic-service-delivery-type-extension.json	4367	1	0	0	0	0	0	4	0	19	0	0	0	0	0	0	0	1	0	0	147	151	0	0	0	3	0	0
fsh-generated/resources/StructureDefinition-bc-organization-clinic-type-extension.json	4385	2	0	0	0	0	0	5	1	14	0	0	0	0	0	0	0	0	0	0	145	144	0	0	0	3	0	0
fsh-generated/resources/StructureDefinition-bc-organization-pci-extension.json	4278	1	0	0	0	0	0	4	0	14	0	0	0	0	0	0	0	1	0	0	146	150	0	0	0	4	1	1
fsh-generated/resources/StructureDefinition-bc-organization-primary-care-clinic-extension.json	4073	2	0	0	0	0	0	4	0	12	0	0	0	0	0	0	0	0	0	0	109	114	0	0	0	2	0	0
fsh-generated/resources/StructureDefinition-bc-organization.json	7788	1	0	0	0	0	0	10	0	26	0	0	0	0	0	0	0	1	0	0	366	357	0	0	0	9	0	0
fsh-generated/resources/StructureDefinition-bc-owner-extension.json	2290	2	0	0	0	0	0	3	0	9	0	0	0	0	0	0	0	0	0	0	51	62	0	0	0	2	0	0
fsh-generated/resources/StructureDefinition-bc-period-extension.json	2045	1	0	0	0	0	0	5	0	9	0	0	0	0	0	0	0	0	0	0	51	61	0	0	0	1	0	0
fsh-generated/resources/StructureDefinition-bc-practitioner-bundle.json	5389	2	0	0	0	0	0	14	0	32	0	0	0	0	0	0	0	2	0	0	555	780	0	0	0	13	0	1
fsh-generated/resources/StructureDefinition-bc-practitioner-condition-extension.json	5506	1	0	0	0	0	0	5	0	20	0	0	0	0	0	0	0	0	0	0	208	171	0	0	0	5	0	0
fsh-generated/resources/StructureDefinition-bc-practitioner-deathdate-extension.json	1420	2	0	0	0	0	0	3	0	9	0	0	1	0	0	0	0	0	0	0	50	87	0	0	0	1	0	0
fsh-generated/resources/StructureDefinition-bc-practitioner-disciplinary-action-extension.json	5651	1	1	0	0	0	0	7	0	17	0	0	0	0	0	0	0	1	0	0	206	164	0	0	0	4	0	0
fsh-generated/resources/StructureDefinition-bc-practitioner-qualification-extension.json	4360	2	0	0	0	0	0	5	0	17	0	0	0	0	0	0	0	0	0	0	179	147	0	0	0	4	0	1
fsh-generated/resources/StructureDefinition-bc-practitioner-relationship-extension.json	5161	1	0	0	0	0	0	4	0	22	0	0	0	0	0	0	0	1	0	0	187	148	0	0	0	4	0	0
fsh-generated/resources/StructureDefinition-bc-practitioner-role.json	4194	2	0	0	0	0	0	10	0	20	0	0	0	0	0	0	0	1	0	0	278	352	0	0	0	7	0	0
fsh-generated/resources/StructureDefinition-bc-practitioner.json	13238	2	0	0	0	0	0	15	0	76	0	0	0	0	0	0	0	1	0	0	591	916	0	0	0	15	1	1
fsh-generated/resources/StructureDefinition-bc-primary-network.json	1814	1	0	0	0	0	0	15	0	20	0	0	0	0	0	0	0	1	0	0	153	243	0	0	0	4	0	0
fsh-generated/resources/StructureDefinition-bc-relationship-type-extension.json	1633	2	0	0	0	0	0	3	0	8	0	0	0	0	0	0	0	0	0	0	54	81	0	0	0	2	0	0
fsh-generated/resources/StructureDefinition-bc-role-relationships.json	4801	1	0	0	0	0	0	11	0	23	0	0	1	0	0	0	0	1	0	0	313	255	0	0	0	7	0	1
fsh-generated/resources/StructureDefinition-bc-specialty-source-extension.json	1457	1	0	0	0	0	0	3	0	9	0	0	0	0	0	0	0	0	0	0	51	54	0	0	0	2	0	0
fsh-generated/resources/ValueSet-bc-address-validation-status-value-set.json	593	2	0	0	0	0	0	0	0	101	0	0	0	0	0	0	0	0	0	0	11	2412	0	0	0	0	0	0
fsh-generated/resources/ValueSet-bc-communication-purpose-value-set.json	570	1	0	0	0	0	0	0	0	10	0	0	0	0	0	0	0	0	0	0	10	257	0	0	0	0	0	0
fsh-generated/resources/ValueSet-bc-end-reason-value-set.json	504	1	0	0	0	0	0	0	0	5	0	0	0	0	0	0	0	0	0	0	10	249	0	0	0	0	0	0
fsh-generated/resources/ValueSet-bc-expertise-value-set.json	588	1	0	0	0	0	0	0	0	6	0	0	0	0	0	0	0	0	0	0	12	524	0	0	0	1	0	0
fsh-generated/resources/ValueSet-bc-hds-type-value-set.json	540	1	0	0	0	0	0	0	1	6	0	0	0	0	0	0	0	0	0	0	10	250	0	0	0	0	0	0
fsh-generated/resources/ValueSet-bc-language-value-set.json	493	2	0	0	0	0	0	0	0	5	0	0	0	0	0	0	0	0	0	0	11	232	0	0	0	0	0	0
fsh-generated/resources/ValueSet-bc-license-status-class-value-set.json	572	1	0	0	0	0	0	0	0	6	0	0	0	0	0	0	0	0	0	0	11	238	0	0	0	5	0	0
fsh-generated/resources/ValueSet-bc-license-status-reason-value-set.json	572	1	0	0	0	0	0	0	0	5	0	0	0	0	0	0	0	0	0	0	11	232	0	0	0	0	0	0
fsh-generated/resources/ValueSet-bc-license-status-value-set.json	626	2	0	0	0	0	0	0	0	8	0	0	0	0	0	0	0	0	0	0	11	290	0	0	0	0	0	0
fsh-generated/resources/ValueSet-bc-organization-role-value-set.json	547	1	0	0	0	0	0	0	0	6	0	0	0	0	0	0	0	0	0	0	11	228	0	0	0	0	0	0
fsh-generated/resources/ValueSet-bc-practitioner-role-value-set.json	636	1	0	0	0	0	0	0	0	5	0	0	0	0	0	0	0	0	0	0	11	251	0	0	0	1	0	0
fsh-generated/resources/ValueSet-bc-qualification-value-set.json	635	1	1	0	0	0	0	0	0	5	0	0	0	0	0	0	0	0	0	0	12	156	0	0	0	0	0	0
fsh-generated/resources/ValueSet-bc-relationship-type-value-set.json	546	2	0	0	0	0	0	0	0	5	0	0	0	0	0	0	0	0	0	0	10	224	0	0	0	0	0	0
