Source File	Size	loadResources	load	generateSnapshots	load-configure	scan	loadDepInfo	loadInfo	checkR4R4B	generateNarratives	validate	loadLists	checkConformanceResources	checkConformanceResources2	checkConformanceResources3	generateLogicalMaps	validateExpressions	scanForUsageStats	checkURLsUnique	processProvenanceDetails	generate1	generate2	generateLogicals	makeDependencies	generateExampleZip	generateValidationPack	scanProfilesForR5	scanExamplesForR5
/fsh-generated/resources/ImplementationGuide-fhir.ca-bc.provider.json	74273	-	0	0	0	0	0	0	8	429	0	0	0	0	0	0	0	2	0	0	276	464	0	0	0	11	0	8
fsh-generated/resources/Bundle-Example-AddLocation-Bundle.json	4471	6	9	0	0	0	0	0	1	455	0	0	0	0	0	0	0	0	0	0	18	17	0	0	0	0	0	0
fsh-generated/resources/Bundle-Example-AddLocationWithLinks-Bundle-Response.json	5526	4	2	0	0	0	0	0	0	186	0	0	0	0	0	0	0	0	0	0	19	17	0	0	0	0	0	0
fsh-generated/resources/Bundle-Example-AddLocationWithLinks-Bundle.json	8610	5	6	0	0	0	0	0	0	1339	0	0	0	0	0	0	0	0	0	0	22	21	0	0	0	0	0	0
fsh-generated/resources/Bundle-Example-AddOrganization-Bundle.json	6109	3	3	0	0	0	0	0	0	893	0	0	0	0	0	0	0	0	0	0	17	417	0	0	0	0	0	1
fsh-generated/resources/Bundle-Example-AddPractitioner-Batch-Bundle-Response.json	24468	7	12	0	1	0	0	0	1	3155	0	0	0	0	0	0	0	0	0	0	40	915	0	0	0	0	0	1
fsh-generated/resources/Bundle-Example-AddPractitioner-Bundle-Response.json	24462	7	5	0	0	0	0	0	1	2975	0	0	0	0	0	0	0	0	0	0	41	901	0	0	0	0	0	1
fsh-generated/resources/Bundle-Example-AddPractitioner-Bundle.json	13577	5	3	0	0	0	0	0	0	1856	0	0	0	0	0	0	0	0	0	0	26	716	0	0	0	0	0	0
fsh-generated/resources/Bundle-Example-Batch-Bundle-Response.json	61167	12	15	0	0	0	0	0	2	0	0	0	0	0	0	0	0	1	0	0	48	1761	0	0	0	0	0	2
fsh-generated/resources/Bundle-Example-Batch-Bundle.json	38435	8	6	0	0	0	0	0	0	0	0	0	0	0	0	0	0	0	0	0	36	1567	0	0	0	0	0	1
fsh-generated/resources/Bundle-Example-DistributeOrganization-Bundle.json	10632	4	3	0	0	0	0	0	1	1125	0	0	0	0	0	0	0	0	0	0	22	16	0	0	0	0	0	0
fsh-generated/resources/Bundle-Example-DistributePractitioner-Bundle-forTesting.json	10337	5	2	0	0	0	0	0	0	1453	0	0	0	0	0	0	0	0	0	0	22	15	0	0	0	0	0	0
fsh-generated/resources/Bundle-Example-DistributePractitioner-Bundle.json	24214	6	3	0	0	0	0	0	1	2930	0	0	0	0	0	0	0	0	0	0	37	883	0	0	0	0	0	1
fsh-generated/resources/Bundle-Example-GET-Location-Response.json	7608	4	5	0	0	0	0	0	0	376	0	0	0	0	0	0	0	0	0	0	17	10	0	0	1	0	0	0
fsh-generated/resources/Bundle-Example-GET-Organization-Response.json	5276	3	1	0	0	0	0	0	0	362	0	0	0	0	0	0	0	0	0	0	14	8	0	0	0	0	0	0
fsh-generated/resources/Bundle-Example-GET-OrganizationAffiliation-Response.json	2503	3	1	0	0	0	0	0	0	567	0	0	0	0	0	0	0	0	0	0	12	6	0	0	0	0	0	0
fsh-generated/resources/Bundle-Example-GET-OrganizationAffiliation-byOrganization-Response.json	3938	3	1	0	0	0	0	0	0	920	0	0	0	0	0	0	0	0	0	0	16	7	0	0	0	0	0	0
fsh-generated/resources/Bundle-Example-GET-Practitioner-Param-Response.json	26135	6	3	0	0	0	0	0	1	3836	0	0	0	0	0	0	0	0	0	0	43	1753	0	0	0	0	0	1
fsh-generated/resources/Bundle-Example-GET-Practitioner-Response.json	14458	5	2	0	0	0	0	0	1	2037	0	0	0	0	0	0	0	0	0	0	28	858	0	0	0	0	0	0
fsh-generated/resources/Bundle-Example-GET-PractitionerRole-Response.json	2694	2	2	0	0	0	0	0	0	561	0	0	0	0	0	0	0	0	0	0	12	8	0	0	0	0	0	0
fsh-generated/resources/Bundle-Example-GET-PractitionerRole-byPractitioner-Response.json	6373	4	1	0	1	0	0	0	0	1527	0	0	0	0	0	0	0	0	0	0	19	7	0	0	0	0	0	0
fsh-generated/resources/Bundle-Example-Individual-Provider-Bundle.json	17935	6	2	0	0	0	0	0	1	2896	0	0	0	0	0	0	0	0	0	0	31	859	0	0	0	0	0	1
fsh-generated/resources/Bundle-Example-Organizational-Provider-Bundle.json	11061	4	1	0	0	0	0	0	0	1958	0	0	0	0	0	0	0	0	0	0	23	355	0	0	0	0	0	0
fsh-generated/resources/Bundle-Example-Response-Query-Organization-Bundle.json	14560	4	2	0	0	0	0	0	0	195	0	0	0	0	0	0	0	0	0	0	19	360	0	0	0	0	0	0
fsh-generated/resources/Bundle-Example-Response-Query-Practitioner-Bundle.json	22686	6	3	0	0	0	0	0	1	199	0	0	0	0	0	0	0	0	0	0	24	880	0	0	0	0	0	1
fsh-generated/resources/Bundle-Example-UpdateLocationWithLinks-Bundle.json	11775	4	1	0	0	0	0	0	0	2536	0	0	0	0	0	0	0	0	0	0	23	9	0	0	0	0	0	0
fsh-generated/resources/Bundle-Example-UpdateOrganization-Bundle-Response.json	7220	4	2	0	0	0	0	0	0	358	0	0	0	0	0	0	0	0	0	0	14	26	0	0	0	0	0	0
fsh-generated/resources/Bundle-Example-UpdateOrganization-Bundle.json	11526	4	2	0	1	0	0	0	1	1745	0	0	0	0	0	0	0	0	0	0	23	8	0	0	0	0	0	0
fsh-generated/resources/Bundle-Example-UpdatePractitioner-Batch-Bundle-Response.json	24471	6	4	0	0	0	0	0	1	2921	0	0	0	0	0	0	0	0	0	0	37	875	0	0	0	0	0	1
fsh-generated/resources/Bundle-Example-UpdatePractitioner-Bundle-Response.json	24465	7	3	0	0	0	0	0	0	2941	0	0	0	0	0	0	0	0	0	0	38	901	0	0	0	0	0	0
fsh-generated/resources/Bundle-Example-UpdatePractitioner-Bundle.json	18415	6	4	0	0	0	0	0	1	3122	0	0	0	0	0	0	0	0	0	0	30	866	0	0	0	0	0	1
fsh-generated/resources/Bundle-Example-UpdatePractitioner-LicenseStatus-Bundle.json	4117	3	1	0	0	0	0	0	0	1368	0	0	0	0	0	0	0	0	0	0	13	568	0	0	0	0	0	0
fsh-generated/resources/CapabilityStatement-bc-plr-client-capability-statement.json	2118	2	0	0	0	0	1	0	0	191	0	0	0	0	0	0	0	0	0	0	28	27	0	0	0	1	0	0
fsh-generated/resources/CapabilityStatement-bc-plr-server-capability-statement.json	8348	3	0	0	0	0	0	0	0	206	0	0	0	0	0	0	0	1	0	0	46	14	0	0	0	1	0	0
fsh-generated/resources/CodeSystem-bc-service-type-code-system.json	665	2	0	0	0	0	0	0	0	188	0	0	0	0	0	0	0	0	0	0	19	1310	0	0	0	1	0	0
fsh-generated/resources/Location-Example-Location-For-Add.json	3367	3	0	0	0	0	0	0	0	195	0	0	0	0	0	0	0	0	0	0	18	11	0	0	0	0	0	0
fsh-generated/resources/Location-IFC.00047422.BC.PRS.json	5197	3	0	0	0	0	0	0	1	175	0	0	0	0	0	0	0	0	0	0	21	9	0	0	0	0	0	0
fsh-generated/resources/Location-IFC.00147422.BC.PRS.json	4889	3	0	0	1	0	0	0	0	364	0	0	0	0	0	0	0	0	0	0	13	10	0	0	0	0	0	0
fsh-generated/resources/Location-IFC.00147423.BC.PRS.json	4278	3	0	0	0	0	0	0	0	170	0	0	0	0	0	0	0	0	0	0	15	14	0	0	0	0	0	1
fsh-generated/resources/OperationDefinition-bc-batch.json	1958	2	0	0	0	0	0	0	0	203	0	0	0	0	0	0	0	0	0	0	20	11	0	0	0	0	0	0
fsh-generated/resources/OperationDefinition-bc-distribution.json	1274	2	0	0	0	0	0	0	0	180	0	0	0	0	0	0	0	0	0	0	15	8	0	0	0	0	0	0
fsh-generated/resources/OperationDefinition-bc-entity-location-query.json	4527	3	0	0	0	0	0	0	0	183	0	0	0	0	0	0	0	0	0	0	22	7	0	0	0	1	0	0
fsh-generated/resources/OperationDefinition-bc-entity-organization-query.json	2901	2	0	0	0	0	0	0	0	185	0	0	0	0	0	0	0	0	0	0	19	8	0	0	0	1	0	0
fsh-generated/resources/OperationDefinition-bc-entity-practitioner-query.json	3890	3	0	0	0	0	0	0	1	183	0	0	0	0	0	0	0	0	0	0	21	8	0	0	0	1	0	0
fsh-generated/resources/OperationDefinition-bc-extended-location-query.json	4580	2	0	0	0	0	0	0	0	176	0	0	0	0	0	0	0	0	0	0	21	7	0	1	0	0	0	0
fsh-generated/resources/OperationDefinition-bc-extended-organization-query.json	2961	2	0	0	0	0	0	0	0	180	0	0	0	0	0	0	0	0	0	0	16	8	0	0	0	1	0	0
fsh-generated/resources/OperationDefinition-bc-extended-practitioner-query.json	3939	3	0	0	1	0	0	0	0	211	0	0	0	0	0	0	0	0	0	0	20	7	0	0	0	1	0	0
fsh-generated/resources/OperationDefinition-bc-maintain.json	2296	2	0	0	0	0	0	0	0	186	0	0	0	0	0	0	0	0	0	0	15	8	0	0	0	0	0	0
fsh-generated/resources/OperationOutcome-Example-OperationOutcome-7018.json	604	2	0	0	0	0	0	0	0	170	0	0	0	0	0	0	0	0	0	0	9	7	0	0	0	0	0	0
fsh-generated/resources/OperationOutcome-Example-OperationOutcome-7047.json	613	2	0	0	0	0	0	0	0	188	0	0	0	0	0	0	0	0	0	0	8	6	0	0	0	0	0	0
fsh-generated/resources/OperationOutcome-Example-OperationOutcome-7049.json	614	2	0	0	0	0	0	0	0	190	0	0	0	0	0	0	0	0	0	0	8	6	0	0	0	0	0	0
fsh-generated/resources/OperationOutcome-Example-OperationOutcome-BatchError.json	620	2	0	0	0	0	0	0	0	198	0	0	0	0	0	0	0	0	0	0	9	6	0	0	0	0	0	0
fsh-generated/resources/OperationOutcome-Example-OperationOutcome-BatchSuccess.json	613	3	0	0	0	0	0	0	0	193	0	0	0	0	0	0	0	0	0	0	11	6	0	0	0	0	0	0
fsh-generated/resources/OperationOutcome-Example-OperationOutcome-MaintainSuccess.json	616	2	0	0	0	0	0	0	0	188	0	0	0	0	0	0	0	0	0	0	9	6	0	0	0	0	0	0
fsh-generated/resources/OperationOutcome-Example-OperationOutcome-Success.json	585	1	0	0	0	0	0	0	0	185	0	0	0	0	0	0	0	0	0	0	10	6	0	0	0	0	0	0
fsh-generated/resources/Organization-Example-Credential-Granting-Institution.json	343	2	0	0	0	0	0	0	0	180	0	0	0	0	0	0	0	0	0	0	7	6	0	0	0	0	0	0
fsh-generated/resources/Organization-Example-Organization-1.json	4715	3	0	0	0	0	0	0	1	711	0	0	0	0	0	0	0	0	0	0	15	8	0	0	0	0	0	0
fsh-generated/resources/Organization-Example-Organization-PrimaryCare.json	11687	4	0	0	1	0	0	0	0	751	0	0	0	0	0	0	0	0	0	0	24	10	0	0	0	0	0	1
fsh-generated/resources/Organization-Example-Qualification-Organization.json	353	2	0	0	0	0	0	0	0	174	0	0	0	0	0	0	0	0	0	0	7	6	0	0	0	0	0	0
fsh-generated/resources/Organization-IPC.00047422.BC.PRS.json	3231	3	0	0	0	0	0	0	0	184	0	0	0	0	0	0	0	0	0	0	11	7	0	0	0	0	0	0
fsh-generated/resources/Organization-IPC.00147434.BC.PRS.json	5028	2	0	0	0	0	0	0	0	551	0	0	0	0	0	0	0	0	0	0	15	9	0	0	0	0	0	0
fsh-generated/resources/Organization-IPC.00147436.BC.PRS.json	5583	3	0	0	0	0	0	0	0	361	0	0	0	0	0	0	0	0	0	0	13	7	0	0	0	0	0	0
fsh-generated/resources/Organization-IPC.00147437.BC.PRS.json	5088	32	0	0	0	0	0	0	1	728	0	0	0	0	0	0	0	0	0	0	13	9	0	0	0	0	0	0
fsh-generated/resources/OrganizationAffiliation-Example-OrganizationAffiliation-Loc1.json	978	1	0	0	0	0	0	0	0	398	0	0	0	0	0	0	0	0	0	0	10	8	0	0	0	0	0	0
fsh-generated/resources/OrganizationAffiliation-Example-OrganizationAffiliation-Loc2.json	974	2	0	0	0	0	0	0	0	407	0	0	0	0	0	0	0	0	0	0	8	8	0	0	0	0	0	0
fsh-generated/resources/OrganizationAffiliation-RELN.1142.PRS.json	1322	3	0	0	0	0	0	0	0	562	0	0	0	0	0	0	0	0	0	0	10	6	0	0	0	0	0	0
fsh-generated/resources/OrganizationAffiliation-RELN.1182.PRS.json	1326	1	0	0	0	0	0	0	0	545	0	0	0	0	0	0	0	0	0	0	9	7	0	0	0	0	0	0
fsh-generated/resources/OrganizationAffiliation-RELN.131.PRS.json	934	1	0	0	0	0	0	0	0	370	0	0	0	0	0	0	0	0	0	0	9	6	0	0	0	0	0	0
fsh-generated/resources/OrganizationAffiliation-RELN.132.PRS.json	1216	2	0	0	0	0	0	0	0	348	0	0	0	0	0	0	0	0	0	0	45	6	0	0	0	0	0	0
fsh-generated/resources/OrganizationAffiliation-RELN.141.PRS.json	934	1	0	0	0	0	0	0	0	363	0	0	0	0	0	0	0	0	0	0	9	6	0	0	0	0	0	1
fsh-generated/resources/OrganizationAffiliation-RELN.142.PRS.json	1216	1	0	0	0	0	0	0	0	358	0	0	0	0	0	0	0	0	0	0	11	7	0	0	0	0	0	0
fsh-generated/resources/OrganizationAffiliation-RELN.181.PRS.json	1193	2	0	0	1	0	0	0	0	389	0	0	0	0	0	0	0	0	0	0	9	6	0	0	0	0	0	0
fsh-generated/resources/OrganizationAffiliation-RELN.182.PRS.json	1216	1	0	0	0	0	0	0	0	404	0	0	0	0	0	0	0	0	0	0	9	6	0	0	0	0	0	0
fsh-generated/resources/OrganizationAffiliation-RELN.25.PRS.json	933	1	0	0	0	0	0	0	0	378	0	0	0	0	0	0	0	0	0	0	10	6	0	0	0	0	0	0
fsh-generated/resources/OrganizationAffiliation-RELN.26.PRS.json	956	1	0	0	0	0	0	0	0	397	0	0	0	0	0	0	0	0	0	0	8	7	0	0	0	0	0	0
fsh-generated/resources/Parameters-Example-Request-Add-Location.json	10620	3	0	0	0	0	0	0	0	0	0	0	0	0	0	0	0	0	0	0	13	13	0	0	0	0	0	0
fsh-generated/resources/Parameters-Example-Request-Add-Organization.json	7577	2	0	0	0	0	0	0	1	0	0	0	0	0	0	0	0	0	0	0	11	10	0	0	0	0	0	0
fsh-generated/resources/Parameters-Example-Request-Add-Practitioner.json	16449	3	0	0	0	0	0	0	0	0	0	0	0	0	0	0	0	0	0	0	17	11	0	0	0	0	0	0
fsh-generated/resources/Parameters-Example-Request-Distribution-Organization.json	12977	2	0	0	0	0	0	0	0	0	0	0	0	0	0	0	0	0	0	0	14	10	0	0	0	0	0	0
fsh-generated/resources/Parameters-Example-Request-Distribution-Practitioner.json	29049	4	0	0	0	0	0	0	1	0	0	0	0	0	0	0	0	0	0	0	25	14	0	0	0	0	0	1
fsh-generated/resources/Parameters-Example-Request-Update-License-Practitioner.json	5242	2	0	0	0	0	0	0	0	0	0	0	0	0	0	0	0	0	0	0	11	8	0	0	0	0	0	0
fsh-generated/resources/Parameters-Example-Request-Update-Location.json	14262	3	0	0	0	0	0	0	1	0	0	0	0	0	0	0	0	0	0	0	16	10	0	0	0	0	0	0
fsh-generated/resources/Parameters-Example-Request-Update-Organization.json	14011	2	0	0	0	0	0	0	0	0	0	0	0	0	0	0	0	0	0	0	17	10	0	0	0	0	0	0
fsh-generated/resources/Parameters-Example-Request-Update-Practitioner.json	21974	3	0	0	0	0	0	0	0	0	0	0	0	0	0	0	0	0	0	0	21	11	0	0	0	0	0	1
fsh-generated/resources/Parameters-Example-Response-Add-Location.json	7649	2	0	0	0	0	0	0	1	0	0	0	0	0	0	0	0	0	0	0	11	9	0	0	0	0	0	0
fsh-generated/resources/Parameters-Example-Response-Add-Organization.json	9776	2	0	0	1	0	0	0	0	0	0	0	0	0	0	0	0	0	0	0	14	8	0	0	0	0	0	0
fsh-generated/resources/Parameters-Example-Response-Add-Practitioner.json	30222	4	0	0	0	0	0	0	1	0	0	0	0	0	0	0	0	0	0	0	26	14	0	0	0	0	0	1
fsh-generated/resources/Parameters-Example-Response-Update-Organization.json	9779	2	0	0	0	0	0	0	0	0	0	0	0	0	0	0	0	0	0	0	13	10	0	0	0	0	0	0
fsh-generated/resources/Parameters-Example-Response-Update-Practitioner.json	30228	4	0	0	0	0	0	0	1	0	0	0	0	0	0	0	0	0	0	0	25	14	0	0	0	0	0	0
fsh-generated/resources/Practitioner-Example-AddPractitioner-Practitioner.json	9485	2	0	0	0	0	0	0	0	1528	0	0	0	0	0	0	0	0	0	0	23	9	0	0	0	0	0	1
fsh-generated/resources/Practitioner-IPC.00047422.BC.PRS.json	10721	2	0	0	0	0	0	0	0	1831	0	0	0	0	0	0	0	0	0	0	24	9	0	0	0	0	0	0
fsh-generated/resources/Practitioner-IPC.00147422.BC.PRS.json	10301	3	0	0	0	0	0	0	1	1600	0	0	0	0	0	0	0	0	0	0	20	9	0	0	0	0	0	0
fsh-generated/resources/Practitioner-IPC.00147433.BC.PRS.json	11417	2	0	0	0	0	0	0	0	2007	0	0	0	0	0	0	0	0	0	0	22	9	0	0	0	0	0	0
fsh-generated/resources/Practitioner-IPC.00147622.BC.PRS.json	14280	3	0	0	0	0	0	0	1	1670	0	0	0	0	0	0	0	0	0	0	25	10	0	0	0	0	0	1
fsh-generated/resources/Practitioner-IPC.00147699.BC.PRS.json	2860	1	0	0	0	0	0	0	0	205	0	0	0	0	0	0	0	0	0	0	11	7	0	0	0	0	0	0
fsh-generated/resources/Practitioner-IPC.00187833.BC.PRS.json	9364	3	0	0	0	0	0	0	0	1833	0	0	0	0	0	0	0	0	0	0	19	9	0	0	0	0	0	0
fsh-generated/resources/Practitioner-IPC.00763481.BC.PRS.json	2326	1	0	0	0	0	0	0	0	919	0	0	0	0	0	0	0	0	0	0	11	10	0	0	0	0	0	0
fsh-generated/resources/PractitionerRole-Example-PractitionerRole-Loc3.json	1131	2	0	0	0	0	0	0	0	359	0	0	0	0	0	0	0	0	0	0	10	6	0	0	0	0	0	0
fsh-generated/resources/PractitionerRole-Example-PractitionerRole-Role-FromPrac-CPSID.json	1221	1	0	0	0	0	0	0	0	560	0	0	0	0	0	0	0	1	0	0	9	7	0	0	0	0	0	0
fsh-generated/resources/PractitionerRole-IPC.00047422.BC.PRS.json	1590	1	0	0	1	0	0	0	0	594	0	0	0	0	0	0	0	0	0	0	9	7	0	0	0	0	0	0
fsh-generated/resources/PractitionerRole-IPC.00147422.BC.PRS.json	1195	2	0	0	0	0	0	0	0	626	0	0	0	0	0	0	0	0	0	0	9	7	0	0	0	0	0	0
fsh-generated/resources/PractitionerRole-IPC.00147433.BC.PRS.json	1590	1	0	0	0	0	0	0	0	808	0	0	0	0	0	0	0	0	0	0	10	6	0	0	0	0	0	0
fsh-generated/resources/PractitionerRole-IPC.00147622.BC.PRS.json	1684	1	0	0	0	0	0	0	0	185059	0	0	0	0	0	0	0	0	0	0	10	6	0	0	0	0	0	0
fsh-generated/resources/PractitionerRole-IPC.00147633.BC.PRS.json	460	2	0	0	0	0	0	0	0	6570	0	0	0	0	0	0	0	0	0	0	8	7	0	0	0	0	0	0
fsh-generated/resources/PractitionerRole-IPC.00147699.BC.PRS.json	1700	1	0	0	0	0	0	0	0	1	0	0	0	0	0	0	0	0	0	0	8	6	0	0	0	0	0	1
fsh-generated/resources/PractitionerRole-IPC.00763481.BC.PRS.json	591	1	0	0	0	0	0	0	0	0	0	0	0	0	0	0	0	0	0	0	9	6	0	0	0	0	0	0
fsh-generated/resources/PractitionerRole-RELN.1125.PRS.json	1465	2	0	0	0	0	0	0	0	6379	0	0	0	0	0	0	0	0	0	0	9	6	0	0	0	0	0	0
fsh-generated/resources/PractitionerRole-RELN.123.PRS.json	1322	1	0	0	0	0	0	0	0	3175	0	0	0	0	0	0	0	0	0	0	10	8	0	0	0	0	0	0
fsh-generated/resources/PractitionerRole-RELN.12373.PRS.json	1675	1	0	0	0	0	0	0	1	1	0	0	0	0	0	0	0	0	0	0	11	8	0	0	0	0	0	0
fsh-generated/resources/PractitionerRole-RELN.124.PRS.json	1779	2	0	0	0	0	0	0	0	0	0	0	0	0	0	0	0	0	0	0	11	6	0	0	0	0	0	0
fsh-generated/resources/PractitionerRole-RELN.125.PRS.json	1108	1	0	0	0	0	0	0	0	3176	0	0	0	0	0	0	0	0	0	0	10	6	0	0	0	0	0	0
fsh-generated/resources/PractitionerRole-RELN.126.PRS.json	1565	2	0	0	0	0	0	0	0	1	0	0	0	0	0	0	0	0	0	0	9	7	0	0	0	0	0	0
fsh-generated/resources/PractitionerRole-RELN.127.PRS.json	1069	1	0	0	0	0	0	0	0	3201	0	0	0	0	0	0	0	0	0	0	9	6	0	0	0	0	0	0
fsh-generated/resources/PractitionerRole-RELN.128.PRS.json	1267	1	0	0	0	0	0	0	0	0	0	0	0	0	0	0	0	0	0	0	9	6	0	0	0	0	0	0
fsh-generated/resources/PractitionerRole-RELN.129.PRS.json	1107	2	0	0	0	0	0	0	0	3184	0	0	0	0	0	0	0	0	0	0	9	6	0	0	0	0	0	0
fsh-generated/resources/PractitionerRole-RELN.130.PRS.json	1305	1	0	0	1	0	0	0	0	1	0	0	0	0	0	0	0	0	0	0	9	6	0	0	0	0	0	0
fsh-generated/resources/PractitionerRole-RELN.153.PRS.json	1581	2	0	0	0	0	0	0	0	0	0	0	0	0	0	0	0	0	0	0	10	7	0	0	0	0	0	0
fsh-generated/resources/PractitionerRole-RELN.173.PRS.json	1322	1	0	0	0	0	0	0	0	1	0	0	0	0	0	0	0	0	0	0	10	6	0	0	0	0	0	0
fsh-generated/resources/PractitionerRole-RELN.175.PRS.json	1108	2	0	0	0	0	0	0	0	0	0	0	0	0	0	0	0	0	0	0	9	6	0	0	0	0	0	0
fsh-generated/resources/PractitionerRole-RELN.193.PRS.json	1322	1	0	0	0	0	0	0	0	1	0	0	0	0	0	0	0	0	0	0	10	6	0	0	0	0	0	0
fsh-generated/resources/PractitionerRole-RELN.23.PRS.json	1068	1	0	0	0	0	0	0	0	3176	0	0	0	0	0	0	0	0	0	0	9	6	0	0	0	0	0	0
fsh-generated/resources/PractitionerRole-RELN.24.PRS.json	1107	1	0	0	0	0	0	0	0	0	0	0	0	0	0	0	0	0	0	0	11	6	0	0	0	0	0	0
fsh-generated/resources/StructureDefinition-bc-address-validation-status-extension.json	1653	2	0	11	0	0	0	0	0	3203	0	0	1	0	0	0	0	0	0	0	32	162	0	0	0	2	0	0
fsh-generated/resources/StructureDefinition-bc-address.json	2362	1	0	42	0	0	0	0	0	11	0	0	0	0	0	0	0	0	0	0	67	200	0	0	0	3	0	0
fsh-generated/resources/StructureDefinition-bc-availability-extension.json	4302	2	0	50	0	0	0	0	0	39	0	0	0	0	0	0	0	0	0	0	73	188	0	0	0	2	0	2
fsh-generated/resources/StructureDefinition-bc-availableTime-extension.json	4333	2	0	19	0	0	0	0	0	13	0	0	0	0	0	0	0	0	0	0	98	174	0	0	0	2	0	1
fsh-generated/resources/StructureDefinition-bc-batch-bundle.json	2523	1	0	592	0	0	0	0	0	22	0	0	0	0	0	0	0	1	0	0	178	438	0	0	0	7	0	1
fsh-generated/resources/StructureDefinition-bc-batch-response-bundle.json	3019	2	0	70	0	0	0	0	1	36	0	0	0	0	0	0	0	1	0	0	228	414	0	0	0	8	0	1
fsh-generated/resources/StructureDefinition-bc-birthplace-extension.json	1410	1	0	5	1	0	0	0	0	9	0	0	0	0	0	0	0	0	0	0	41	115	0	0	0	1	0	0
fsh-generated/resources/StructureDefinition-bc-birthtime-extension.json	1355	2	0	5	0	0	0	0	0	8	0	0	0	0	0	0	0	0	0	0	34	93	0	0	0	1	1	0
fsh-generated/resources/StructureDefinition-bc-communication-purpose-code-extension.json	1720	1	0	6	0	0	0	0	0	8	0	0	0	0	0	0	0	0	0	0	36	124	0	0	0	0	0	0
fsh-generated/resources/StructureDefinition-bc-confidentiality-extension.json	3579	2	0	7	0	0	0	0	0	12	0	0	0	0	0	0	0	0	0	0	65	111	0	0	0	2	0	0
fsh-generated/resources/StructureDefinition-bc-contactPoint.json	1948	1	0	6	0	0	0	0	0	7	0	0	0	0	0	0	0	0	0	0	47	96	0	0	0	2	0	1
fsh-generated/resources/StructureDefinition-bc-end-reason-extension.json	2509	2	0	6	0	0	0	0	0	6	0	0	0	0	0	0	0	0	0	0	34	77	0	0	0	0	0	0
fsh-generated/resources/StructureDefinition-bc-facility-community-health-area-extension.json	2905	1	0	8	0	0	0	0	0	9	0	0	0	0	0	0	0	1	0	0	63	107	0	0	0	2	0	0
fsh-generated/resources/StructureDefinition-bc-facility-details-extension.json	5581	2	0	10	0	0	0	0	0	13	0	0	0	0	0	0	0	0	0	0	108	155	0	0	0	3	0	0
fsh-generated/resources/StructureDefinition-bc-facility-health-authority-extension.json	1526	1	0	5	0	0	0	0	0	6	0	0	1	0	0	0	0	0	0	0	31	68	0	0	0	1	0	0
fsh-generated/resources/StructureDefinition-bc-facility-health-service-area-extension.json	3559	2	0	6	0	0	0	0	0	7	0	0	0	0	0	0	0	0	0	0	56	98	0	0	0	2	0	1
fsh-generated/resources/StructureDefinition-bc-facility-health-service-delivery-area-extension.json	1614	1	0	6	1	0	0	0	0	5	0	0	0	0	0	0	0	0	0	0	35	70	0	0	0	1	0	0
fsh-generated/resources/StructureDefinition-bc-facility-local-health-area-extension.json	1525	1	0	5	0	0	0	0	0	5	0	0	0	0	0	0	0	0	0	0	30	69	0	0	0	1	0	0
fsh-generated/resources/StructureDefinition-bc-facility-physical-address-extension.json	1891	1	0	5	0	0	0	0	0	5	0	0	0	0	0	0	0	0	0	0	32	76	0	0	0	1	0	0
fsh-generated/resources/StructureDefinition-bc-facility-primary-care-network-extension.json	2838	2	0	7	0	0	0	0	0	8	0	0	0	0	0	0	0	0	0	0	63	124	0	0	0	3	0	0
fsh-generated/resources/StructureDefinition-bc-hds-subtype-extension.json	3921	1	0	8	0	0	0	0	0	9	0	0	0	0	0	0	0	1	0	0	79	114	0	0	0	3	0	1
fsh-generated/resources/StructureDefinition-bc-health-delivery-site-type-extension.json	3913	2	0	8	0	0	0	0	0	9	0	0	0	0	0	0	0	0	0	0	69	104	0	0	0	2	0	0
fsh-generated/resources/StructureDefinition-bc-humanName.json	1759	2	0	6	0	0	0	0	0	11	0	0	0	0	0	0	0	0	0	0	46	101	0	0	0	2	0	0
fsh-generated/resources/StructureDefinition-bc-identifier.json	1364	1	0	7	0	0	0	0	0	7	0	0	0	0	0	0	0	0	0	0	42	100	0	0	0	1	0	0
fsh-generated/resources/StructureDefinition-bc-license-status-extension.json	5895	2	0	9	0	0	0	0	0	13	0	0	0	0	0	0	0	0	0	0	108	156	0	0	0	4	1	1
fsh-generated/resources/StructureDefinition-bc-location-bundle.json	6192	1	0	78	0	0	0	0	0	23	0	0	0	0	0	0	0	1	0	0	283	369	0	0	0	18	0	1
fsh-generated/resources/StructureDefinition-bc-location-relationship-type-extension.json	1524	2	0	6	0	0	0	0	0	6	0	0	0	0	0	0	0	0	0	0	33	74	0	0	0	3	0	0
fsh-generated/resources/StructureDefinition-bc-location.json	5814	1	0	18	0	0	0	0	0	31	0	0	1	0	0	0	0	1	0	0	175	269	0	0	0	9	0	1
fsh-generated/resources/StructureDefinition-bc-name-use-extension.json	1464	1	0	6	0	0	0	0	0	7	0	0	0	0	0	0	0	0	0	0	31	55	0	0	0	2	0	0
fsh-generated/resources/StructureDefinition-bc-not-available-extension.json	2718	2	0	8	0	0	0	0	0	8	0	0	0	0	0	0	0	0	0	0	64	67	0	0	0	2	0	1
fsh-generated/resources/StructureDefinition-bc-note-extension.json	4081	1	0	9	0	0	0	0	0	9	0	0	0	0	0	0	0	0	0	0	79	75	0	1	0	4	0	0
fsh-generated/resources/StructureDefinition-bc-operation-outcome.json	1421	2	0	12	1	0	0	0	0	42	0	0	0	0	0	0	0	1	0	0	87	128	0	0	0	4	0	0
fsh-generated/resources/StructureDefinition-bc-organization-affiliation.json	3831	1	0	11	0	0	0	0	0	16	0	0	0	0	0	0	0	0	0	0	95	113	0	0	0	5	0	1
fsh-generated/resources/StructureDefinition-bc-organization-bundle.json	6351	2	0	64	0	0	0	0	0	41	0	0	0	0	0	0	0	1	0	0	283	407	0	0	0	14	0	1
fsh-generated/resources/StructureDefinition-bc-organization-clinic-legal-name-extension.json	4103	1	0	11	0	0	0	0	0	16	0	0	0	0	0	0	0	0	0	0	77	121	0	0	0	4	1	0
fsh-generated/resources/StructureDefinition-bc-organization-clinic-owner-extension.json	4132	2	0	8	0	0	0	0	0	15	0	0	0	0	0	0	0	0	0	0	78	120	0	0	0	3	0	1
fsh-generated/resources/StructureDefinition-bc-organization-clinic-ownership-type-extension.json	4524	2	0	8	0	0	0	0	0	14	0	0	0	0	0	0	0	1	0	0	80	127	0	0	0	3	0	0
fsh-generated/resources/StructureDefinition-bc-organization-clinic-payee-number-extension.json	4110	1	0	8	0	0	0	0	0	14	0	0	0	0	0	0	0	0	0	0	76	137	0	0	0	4	0	0
fsh-generated/resources/StructureDefinition-bc-organization-clinic-service-delivery-type-extension.json	4367	2	0	8	0	0	0	0	0	15	0	0	1	0	0	0	0	0	0	0	76	113	0	0	0	3	0	1
fsh-generated/resources/StructureDefinition-bc-organization-clinic-type-extension.json	4385	2	0	7	1	0	0	0	0	11	0	0	0	0	0	0	0	0	0	0	102	114	0	0	0	3	0	0
fsh-generated/resources/StructureDefinition-bc-organization-pci-extension.json	4278	2	0	6	0	0	0	0	0	14	0	0	0	0	0	0	0	1	0	0	88	76	0	0	0	3	0	0
fsh-generated/resources/StructureDefinition-bc-organization-primary-care-clinic-extension.json	4073	1	0	7	0	0	0	0	0	12	0	0	0	0	0	0	0	0	0	0	64	70	0	0	0	3	0	0
fsh-generated/resources/StructureDefinition-bc-organization.json	7238	2	0	17	0	0	0	0	0	19	0	0	0	0	0	0	0	1	0	0	177	219	0	0	0	10	0	1
fsh-generated/resources/StructureDefinition-bc-owner-extension.json	2290	1	0	6	0	0	0	0	0	5	0	0	0	0	0	0	0	0	0	0	37	50	0	0	0	1	0	0
fsh-generated/resources/StructureDefinition-bc-period-extension.json	2045	2	0	5	0	0	0	0	0	5	0	0	0	0	0	0	0	0	0	0	32	50	0	0	0	1	0	0
fsh-generated/resources/StructureDefinition-bc-practitioner-bundle.json	5389	2	0	28	1	0	0	0	0	31	0	0	0	0	0	0	0	1	0	0	285	233	0	0	0	14	0	2
fsh-generated/resources/StructureDefinition-bc-practitioner-condition-extension.json	5506	1	0	6	0	0	0	0	1	12	0	0	0	0	0	0	0	1	0	0	107	96	0	0	0	5	1	0
fsh-generated/resources/StructureDefinition-bc-practitioner-deathdate-extension.json	1420	2	0	5	0	0	0	0	0	6	0	0	0	0	0	0	0	0	0	0	31	56	0	0	0	1	0	0
fsh-generated/resources/StructureDefinition-bc-practitioner-disciplinary-action-extension.json	5651	1	0	5	0	0	0	0	0	11	0	0	1	0	0	0	0	0	0	0	106	94	0	0	0	5	0	1
fsh-generated/resources/StructureDefinition-bc-practitioner-qualification-extension.json	4360	2	0	5	0	0	0	0	0	15	0	0	0	0	0	0	0	0	0	0	93	82	0	0	0	4	0	0
fsh-generated/resources/StructureDefinition-bc-practitioner-relationship-extension.json	5161	1	0	5	0	0	0	0	0	14	0	0	0	0	0	0	0	0	0	0	94	107	0	0	0	4	0	1
fsh-generated/resources/StructureDefinition-bc-practitioner-role.json	4194	2	0	46	0	0	0	0	0	14	0	0	0	0	0	0	0	1	0	0	143	170	0	0	0	7	0	0
fsh-generated/resources/StructureDefinition-bc-practitioner.json	13238	2	0	16	0	0	0	0	0	66	0	0	0	0	0	0	0	1	0	0	297	1104	0	0	0	15	0	2
fsh-generated/resources/StructureDefinition-bc-relationship-type-extension.json	1633	1	0	3	0	0	0	0	0	5	0	0	0	0	0	0	0	0	0	0	29	69	0	0	0	2	0	0
fsh-generated/resources/StructureDefinition-bc-role-relationships.json	4801	2	0	8	0	0	0	0	0	23	0	0	0	0	0	0	0	0	0	0	157	278	0	0	0	8	0	1
fsh-generated/resources/StructureDefinition-bc-specialty-source-extension.json	1457	1	0	3	0	0	0	0	0	7	0	0	1	0	0	0	0	1	0	0	29	65	0	0	0	2	1	0
fsh-generated/resources/ValueSet-bc-address-validation-status-value-set.json	593	1	0	0	0	0	0	0	0	3300	0	0	0	0	0	0	0	0	0	0	10	517	0	0	0	0	0	0
fsh-generated/resources/ValueSet-bc-communication-purpose-value-set.json	570	1	0	0	0	0	0	0	0	2	0	0	0	0	0	0	0	0	0	0	10	485	0	0	0	0	0	0
fsh-generated/resources/ValueSet-bc-end-reason-value-set.json	504	1	0	0	0	0	0	0	0	3	0	0	0	0	0	0	0	0	0	0	8	477	0	0	0	1	0	0
fsh-generated/resources/ValueSet-bc-expertise-value-set.json	588	2	0	0	0	0	0	0	0	2	0	0	0	0	0	0	0	0	0	0	10	490	0	0	0	0	0	0
fsh-generated/resources/ValueSet-bc-hds-type-value-set.json	541	1	0	0	0	0	0	0	0	3	0	0	0	0	0	0	0	0	0	0	9	471	0	0	0	0	0	0
fsh-generated/resources/ValueSet-bc-language-value-set.json	493	1	0	0	0	0	0	0	0	2	0	0	0	0	0	0	0	0	0	0	10	474	0	0	0	0	0	0
fsh-generated/resources/ValueSet-bc-license-status-class-value-set.json	572	1	0	0	0	0	0	0	0	3	0	0	0	0	0	0	0	0	0	0	9	463	0	0	0	0	0	0
fsh-generated/resources/ValueSet-bc-license-status-reason-value-set.json	572	1	0	0	1	0	0	0	1	3	0	0	0	0	0	0	0	0	0	0	11	470	0	0	0	1	0	0
fsh-generated/resources/ValueSet-bc-license-status-value-set.json	626	1	0	0	0	0	0	0	0	2	0	0	0	0	0	0	0	0	0	0	10	625	0	0	0	0	0	0
fsh-generated/resources/ValueSet-bc-organization-role-value-set.json	547	1	0	0	0	0	0	0	0	3	0	0	0	0	0	0	0	0	0	0	9	462	0	0	0	0	0	0
fsh-generated/resources/ValueSet-bc-practitioner-role-value-set.json	636	2	0	0	0	0	0	0	0	2	0	0	0	0	0	0	0	0	0	0	11	475	0	0	0	0	0	0
fsh-generated/resources/ValueSet-bc-qualification-value-set.json	635	1	0	0	0	0	0	0	0	3	0	0	0	0	0	0	0	0	0	0	9	251	0	0	0	0	0	0
fsh-generated/resources/ValueSet-bc-relationship-type-value-set.json	546	1	0	0	0	0	0	0	0	2	0	0	0	0	0	0	0	0	0	0	10	449	0	0	0	1	0	0
